id_klienta,nazwa
QXS661,Klient_0
WHP557,Klient_1
IWM170,Klient_2
LIC365,Klient_3
ZUK768,Klient_4
LLN033,Klient_5
MPI601,Klient_6
FKN227,Klient_7
OEI739,Klient_8
XLE240,Klient_9
YDA272,Klient_10
JSV814,Klient_11
GSC799,Klient_12
SQT230,Klient_13
BXC411,Klient_14
JSQ709,Klient_15
TSZ823,Klient_16
QFB100,Klient_17
TGA529,Klient_18
UWZ022,Klient_19
YWG521,Klient_20
WNM767,Klient_21
IOU791,Klient_22
BND278,Klient_23
WTD876,Klient_24
PYW169,Klient_25
TXQ061,Klient_26
ROA134,Klient_27
RVK014,Klient_28
NLB776,Klient_29
ERY346,Klient_30
SES931,Klient_31
BHD856,Klient_32
OPY784,Klient_33
YAN350,Klient_34
TKB298,Klient_35
SMD546,Klient_36
JNO032,Klient_37
NWU609,Klient_38
ZGT227,Klient_39
ICY223,Klient_40
MLY007,Klient_41
UFU741,Klient_42
ISJ325,Klient_43
CCN853,Klient_44
JYO351,Klient_45
PWS246,Klient_46
ZVK124,Klient_47
DPR954,Klient_48
MQZ780,Klient_49
OAT374,Klient_50
CPM427,Klient_51
NRH164,Klient_52
NBG335,Klient_53
EHE728,Klient_54
LHM231,Klient_55
UAW452,Klient_56
AKR185,Klient_57
ADN141,Klient_58
GNE850,Klient_59
JBM408,Klient_60
DYF611,Klient_61
TZY760,Klient_62
USQ879,Klient_63
HFV302,Klient_64
NEN644,Klient_65
JYI627,Klient_66
QSX012,Klient_67
OIN703,Klient_68
XYQ581,Klient_69
BIF681,Klient_70
SWM601,Klient_71
WXL741,Klient_72
XPK552,Klient_73
JQX204,Klient_74
XNV294,Klient_75
YAL994,Klient_76
VCP195,Klient_77
PUZ764,Klient_78
JJA255,Klient_79
CQW791,Klient_80
TFX037,Klient_81
IHK159,Klient_82
CBY328,Klient_83
THW819,Klient_84
SCM240,Klient_85
DCB992,Klient_86
RWQ282,Klient_87
LEZ497,Klient_88
IFR710,Klient_89
SGQ182,Klient_90
QDV623,Klient_91
VMQ150,Klient_92
GWR984,Klient_93
NGZ314,Klient_94
XDQ586,Klient_95
DEG979,Klient_96
RZP406,Klient_97
KYE349,Klient_98
EET016,Klient_99
PNQ356,Klient_100
WHA833,Klient_101
KMQ399,Klient_102
HUA227,Klient_103
YLZ136,Klient_104
MFJ881,Klient_105
VRY955,Klient_106
OJV745,Klient_107
CII665,Klient_108
RYD089,Klient_109
WXJ530,Klient_110
GSC771,Klient_111
XUV687,Klient_112
KAJ871,Klient_113
JTC270,Klient_114
CTA360,Klient_115
KHQ026,Klient_116
HTI441,Klient_117
HUT371,Klient_118
YDB492,Klient_119
BRP229,Klient_120
EUJ330,Klient_121
CNE394,Klient_122
QRK695,Klient_123
IHD469,Klient_124
FKE018,Klient_125
ITI904,Klient_126
INQ857,Klient_127
AGG899,Klient_128
RHR005,Klient_129
ZJL749,Klient_130
YPY232,Klient_131
XHT963,Klient_132
TIB324,Klient_133
HTT430,Klient_134
GYC468,Klient_135
OME981,Klient_136
KQH670,Klient_137
GVD642,Klient_138
FJY559,Klient_139
LTP138,Klient_140
LRI906,Klient_141
SWJ047,Klient_142
JJX956,Klient_143
USY961,Klient_144
TGD248,Klient_145
TLK740,Klient_146
IPN568,Klient_147
XPQ367,Klient_148
FKF979,Klient_149
BQA703,Klient_150
YWA196,Klient_151
OTM606,Klient_152
XMZ973,Klient_153
YNY321,Klient_154
ENC932,Klient_155
XQY474,Klient_156
LLM864,Klient_157
OQF831,Klient_158
KKI839,Klient_159
ZPW556,Klient_160
IIA387,Klient_161
SET091,Klient_162
RMA407,Klient_163
LCB822,Klient_164
TME476,Klient_165
CNN390,Klient_166
KYY225,Klient_167
YLU030,Klient_168
MGZ875,Klient_169
OOX894,Klient_170
CGZ972,Klient_171
AJA171,Klient_172
WEB869,Klient_173
NCQ653,Klient_174
GPB659,Klient_175
YZK583,Klient_176
ETX197,Klient_177
UVA844,Klient_178
YQC727,Klient_179
MGL582,Klient_180
QGY235,Klient_181
YJY720,Klient_182
PWY424,Klient_183
AKS301,Klient_184
AUT086,Klient_185
TEU585,Klient_186
VVT390,Klient_187
KJO915,Klient_188
YGE526,Klient_189
QVN973,Klient_190
ZSC332,Klient_191
XVB044,Klient_192
BNW080,Klient_193
KLD756,Klient_194
PNL583,Klient_195
EJN649,Klient_196
MZQ772,Klient_197
CMF640,Klient_198
EXQ182,Klient_199
ZGO429,Klient_200
ZXI222,Klient_201
MFR736,Klient_202
HRP216,Klient_203
UPR279,Klient_204
YXU093,Klient_205
JRI820,Klient_206
SFF083,Klient_207
DFE828,Klient_208
FLH650,Klient_209
THI436,Klient_210
YOQ788,Klient_211
PEA780,Klient_212
HZW452,Klient_213
PSL725,Klient_214
DLF658,Klient_215
YIL231,Klient_216
XRY027,Klient_217
PCF235,Klient_218
ALZ304,Klient_219
CJN680,Klient_220
MJW682,Klient_221
LWW452,Klient_222
YSG212,Klient_223
JKH423,Klient_224
LNH793,Klient_225
WUT828,Klient_226
ANW183,Klient_227
YSO090,Klient_228
OEB292,Klient_229
EQK205,Klient_230
DHR609,Klient_231
NCM723,Klient_232
FBM862,Klient_233
WFC261,Klient_234
OJQ387,Klient_235
DTB094,Klient_236
JQZ651,Klient_237
YEA920,Klient_238
XMK935,Klient_239
YKP335,Klient_240
MCW387,Klient_241
XFR237,Klient_242
UDB679,Klient_243
FNL902,Klient_244
VNN804,Klient_245
HMG048,Klient_246
MEY867,Klient_247
XHA727,Klient_248
ZZY003,Klient_249
MXV245,Klient_250
QGB242,Klient_251
NUN187,Klient_252
JGV092,Klient_253
BFJ826,Klient_254
BHC204,Klient_255
SNJ053,Klient_256
IKT404,Klient_257
LDD315,Klient_258
EWC814,Klient_259
PSS836,Klient_260
IRL145,Klient_261
TBV788,Klient_262
XEB805,Klient_263
BSZ528,Klient_264
AEL511,Klient_265
IYH607,Klient_266
SPZ583,Klient_267
HUF268,Klient_268
BUI085,Klient_269
FKQ779,Klient_270
FIL221,Klient_271
ZCM731,Klient_272
FXK254,Klient_273
JOT354,Klient_274
XTE859,Klient_275
SIC680,Klient_276
GWQ956,Klient_277
RVV911,Klient_278
XJM855,Klient_279
BFZ761,Klient_280
JGG266,Klient_281
UEE339,Klient_282
YHZ079,Klient_283
OHB187,Klient_284
SPY156,Klient_285
PEQ475,Klient_286
HBZ737,Klient_287
OHF864,Klient_288
RXS628,Klient_289
GST186,Klient_290
NQI268,Klient_291
TRD992,Klient_292
NUQ360,Klient_293
WDU062,Klient_294
KXD324,Klient_295
LGH970,Klient_296
JDX176,Klient_297
ARO223,Klient_298
PFN541,Klient_299
HFE956,Klient_300
GME014,Klient_301
QKV547,Klient_302
FDG060,Klient_303
KQE784,Klient_304
YOL902,Klient_305
ZZZ814,Klient_306
EQC914,Klient_307
FYF584,Klient_308
RXA193,Klient_309
DXE517,Klient_310
FPL311,Klient_311
TXS085,Klient_312
IZV439,Klient_313
FQC744,Klient_314
XLT272,Klient_315
EDM422,Klient_316
LYU906,Klient_317
DQO080,Klient_318
VDZ029,Klient_319
EVT885,Klient_320
SDK123,Klient_321
OUD485,Klient_322
IUQ808,Klient_323
MKJ764,Klient_324
OIM095,Klient_325
TBS826,Klient_326
LBJ070,Klient_327
IJW709,Klient_328
ZAU493,Klient_329
DWQ693,Klient_330
SCW307,Klient_331
JMZ958,Klient_332
KUW400,Klient_333
MCP405,Klient_334
XZN279,Klient_335
WFE562,Klient_336
CPR102,Klient_337
VVA714,Klient_338
ZFN430,Klient_339
OIR168,Klient_340
SXL618,Klient_341
KBB567,Klient_342
DVN940,Klient_343
RQU553,Klient_344
BDO268,Klient_345
IPL236,Klient_346
SOB175,Klient_347
JHS766,Klient_348
LOK083,Klient_349
RCC906,Klient_350
KAA473,Klient_351
JEU118,Klient_352
NFN238,Klient_353
CXK432,Klient_354
VNI906,Klient_355
SEF623,Klient_356
JHU387,Klient_357
IUO105,Klient_358
OYS216,Klient_359
PTD158,Klient_360
MGB486,Klient_361
XPK342,Klient_362
NFZ517,Klient_363
KTR321,Klient_364
UBR625,Klient_365
NZQ527,Klient_366
DUJ611,Klient_367
UPW620,Klient_368
RQR678,Klient_369
ONM159,Klient_370
AOZ696,Klient_371
ZWW830,Klient_372
AGO172,Klient_373
HPM035,Klient_374
QIV250,Klient_375
FMA394,Klient_376
EJN027,Klient_377
VVS279,Klient_378
VRX077,Klient_379
VQB172,Klient_380
ETT132,Klient_381
VTP128,Klient_382
OXS824,Klient_383
LRO608,Klient_384
LBE726,Klient_385
SKF283,Klient_386
JQR579,Klient_387
NDG515,Klient_388
IVG305,Klient_389
IPJ031,Klient_390
OLB965,Klient_391
ZJS938,Klient_392
EFJ005,Klient_393
RQJ342,Klient_394
RTF972,Klient_395
BUW175,Klient_396
QDY451,Klient_397
MJX948,Klient_398
FDM387,Klient_399
WQU608,Klient_400
VSY803,Klient_401
TKW003,Klient_402
YWA112,Klient_403
XXP466,Klient_404
HSV761,Klient_405
EVA229,Klient_406
DSY082,Klient_407
KBN552,Klient_408
OTX733,Klient_409
WVZ274,Klient_410
CVS874,Klient_411
JBR377,Klient_412
ZWJ642,Klient_413
IFB321,Klient_414
FZQ155,Klient_415
WCZ831,Klient_416
QVD559,Klient_417
CTM619,Klient_418
EZR813,Klient_419
YVZ061,Klient_420
HWL504,Klient_421
FXL068,Klient_422
VKX452,Klient_423
ORL072,Klient_424
WAG690,Klient_425
LHT192,Klient_426
IPQ684,Klient_427
RFR797,Klient_428
HTP851,Klient_429
CRU901,Klient_430
WVC043,Klient_431
KLK398,Klient_432
RVH142,Klient_433
SQK960,Klient_434
OUV287,Klient_435
FJP366,Klient_436
CRL316,Klient_437
ZCP732,Klient_438
WVY644,Klient_439
RJM037,Klient_440
APP191,Klient_441
WMS394,Klient_442
SCD014,Klient_443
VIN327,Klient_444
PUR102,Klient_445
DPJ286,Klient_446
TNB011,Klient_447
VRT969,Klient_448
VRQ030,Klient_449
CWX009,Klient_450
ZVW826,Klient_451
RXI858,Klient_452
PEW060,Klient_453
XTL595,Klient_454
WJF685,Klient_455
XYO969,Klient_456
AKU674,Klient_457
KDW758,Klient_458
IIM431,Klient_459
LDM291,Klient_460
WGP387,Klient_461
FEY335,Klient_462
HST246,Klient_463
IRD387,Klient_464
WBZ902,Klient_465
VVD324,Klient_466
PUC170,Klient_467
UHH986,Klient_468
HYB684,Klient_469
RNQ218,Klient_470
PNX763,Klient_471
CRT273,Klient_472
HNC476,Klient_473
AUL753,Klient_474
JSN630,Klient_475
WRG207,Klient_476
YJI330,Klient_477
PVX889,Klient_478
TXH975,Klient_479
QIL682,Klient_480
IBR025,Klient_481
EKJ253,Klient_482
SPX021,Klient_483
JPS000,Klient_484
XCN239,Klient_485
VTB889,Klient_486
HPK815,Klient_487
KDP581,Klient_488
TSA200,Klient_489
OMA699,Klient_490
QFY110,Klient_491
EYV792,Klient_492
YJC300,Klient_493
BDK131,Klient_494
HDS348,Klient_495
YRC722,Klient_496
HZV032,Klient_497
QGI168,Klient_498
ZFW233,Klient_499
